"","baseMean","log2FoldChange","lfcSE","stat","pvalue","padj"
"CR381670.1",0.168392857601064,-1.33374906807086,4.96952223518502,-0.268385773309897,0.78840238920092,0.998877542172598
"MIR3648",253.733076406342,-0.177035761075895,1.76326788193555,-0.100402078940814,0.920025119352203,0.998877542172598
"MIR3687",106.75518615888,-0.257406783459159,3.70812070864959,-0.0694170453671397,0.944657661406146,0.998877542172598
"TEKT4P2",83.4136720618703,-1.12993417871259,1.06191432240996,-1.064053996511,0.287304239244693,0.998877542172598
"CR392039.2",0.505178572803191,-2.53151827608941,4.8952209100835,-0.517140762917322,0.605057900025671,0.998877542172598
"CR392039.1",0.549537069851704,0.597498289572193,4.90998119365439,0.121690545443309,0.903144101229972,0.998877542172598
"CR381653.1",0.168392857601064,-1.33374906807086,4.96952223518502,-0.268385773309897,0.78840238920092,0.998877542172598
"TPTE",0.549537069851704,0.597498289572193,4.90998119365439,0.121690545443309,0.903144101229972,0.998877542172598
"BAGE2",18.7403689840095,-0.681143913477067,1.66282475043437,-0.409630607975457,0.682076940500711,0.998877542172598
"VN1R7P",0.38114421225064,1.89696668944535,4.9382845809601,0.384134745243164,0.700878580360504,0.998877542172598
"AP003900.6",1.14343263675192,3.59704028365528,4.83639540242749,0.743744045792834,0.457031337105807,0.998877542172598
"EIF3FP1",0.86319902661188,-0.629126747772905,4.83136552471627,-0.130217170395083,0.896394610233349,0.998877542172598
"AP001464.4",0.168392857601064,-1.33374906807086,4.96952223518502,-0.268385773309897,0.78840238920092,0.998877542172598
"ANKRD30BP2",2.1537897823583,0.0939131554666692,3.77140184598784,0.0249013919231592,0.980133616985436,0.998877542172598
"ZNF355P",2.35701816513993,1.21307583697416,3.28390431891667,0.369400481611578,0.71182923905566,0.998877542172598
"AJ239321.3",3.50045080189185,1.94748601351716,2.89000364787809,0.673869742326124,0.500394130331387,0.998877542172598
"ANKRD30BP1",1.04519267078695,0.0126518890411161,4.49375551728302,0.00281543777636697,0.997753608634077,0.998877542172598
"GRAMD4P1",0.38114421225064,1.89696668944535,4.9382845809601,0.384134745243164,0.700878580360504,0.998877542172598
"CXADRP1",1.04519267078695,0.0126518890411161,4.49375551728302,0.00281543777636697,0.997753608634077,0.998877542172598
"FEM1AP1",2.80554074801039,-0.931249457420474,3.36956140841957,-0.276371119129495,0.782263036778304,0.998877542172598
"GXYLT1P2",0.38114421225064,1.89696668944535,4.9382845809601,0.384134745243164,0.700878580360504,0.998877542172598
"CYP4F29P",5.82400078430706,0.0802301205902019,2.42892771778559,0.0330310861054961,0.973649798033258,0.998877542172598
"SNX18P13",2.53493399460894,0.511040674818265,3.55587289394348,0.143717362813697,0.885723659994747,0.998877542172598
"ANKRD20A11P",13.5963101245541,-0.00986669409640222,2.28859635209242,-0.00431124260395735,0.996560136744446,0.998877542172598
"RHOT1P2",0.886322785053831,-0.600248928199076,4.83476408057898,-0.124152682156767,0.901194386454936,0.998877542172598
"AP001347.6",6.2809787716249,0.78205150865443,1.94366049378094,0.40236014013596,0.687419000400266,0.998877542172598
"ANKRD20A18P",0.38114421225064,1.89696668944535,4.9382845809601,0.384134745243164,0.700878580360504,0.998877542172598
"LIPI",0.76228842450128,2.99870139262852,4.86244306567458,0.616706736125556,0.53742817733201,0.998877542172598
"RBM11",16.6904740388677,-0.25964317722038,1.48748866213994,-0.174551365552494,0.861432166423453,0.998877542172598
"ABCC13",2.01207682052569,-0.271033514205734,3.14167753159563,-0.0862703162498281,0.931251534681345,0.998877542172598
"HSPA13",722.875270053051,1.38818002407836,0.893507993078498,1.55362910553886,0.120272912542079,0.998877542172598
"SAMSN1",224.912954404091,1.83126785054343,1.01177117364432,1.8099624680424,0.070301607663525,0.998877542172598
"SAMSN1-AS1",0.76228842450128,2.99870139262852,4.86244306567458,0.616706736125556,0.53742817733201,0.998877542172598
"AF165138.7",1.31182549435298,2.29445920883108,4.64150514757386,0.494335164107359,0.621069494962049,0.998877542172598
"AF127936.3",3.25505271693237,1.81718664451385,2.61606529512018,0.694625874936494,0.487289792340105,0.998877542172598
"POLR2CP",2.06507278826128,-2.37243369394439,3.89903066257689,-0.608467565211819,0.542877411577021,0.998877542172598
"AF127936.5",15.5729656937536,-0.199792999622586,1.5966630917676,-0.125131595170402,0.900419370541194,0.998877542172598
"GAPDHP16",2.74768534925852,1.09068221001423,3.4630012894052,0.314952874361061,0.752797434999172,0.998877542172598
"AF127936.7",68.7130428276847,0.577804659985723,1.0117101077547,0.571116820477409,0.567920457345976,0.998877542172598
"RBMX2P1",1.6042527125066,-0.235083140726855,4.22213605558254,-0.0556787222467703,0.955597750389659,0.998877542172598
"AF127577.8",1.98539692475724,0.354574557301947,3.88905809060847,0.0911723479158605,0.92735564658949,0.998877542172598
"NRIP1",797.851321028982,1.11170661208583,1.06812979875513,1.04079730139678,0.297969632781565,0.998877542172598
"AF127577.11",8.53548326592917,0.687049164500153,2.49532515353785,0.275334524451076,0.783059242413695,0.998877542172598
"AF127577.12",0.377066397544586,-1.92436165898798,4.94173231539359,-0.389410339567273,0.696972624615115,0.998877542172598
"AJ006998.2",0.476609657199346,2.41927265333919,4.89980268306567,0.493748995587211,0.621483458200339,0.998877542172598
"AJ009632.3",0.336785715202127,-1.99260058416184,4.93912662625832,-0.403431767383407,0.686630620881492,0.998877542172598
"snoU13",0.930681282102344,1.69921271270046,4.83369566456621,0.35153489806085,0.725187096095449,0.998877542172598
"USP25",441.160583414006,-0.0866534297756817,0.866872523454255,-0.0999609832255278,0.920375301122405,0.998877542172598
"RBPMSLP",1.09907413970341,1.04036518767121,4.80244066234821,0.216632595968923,0.82849468099275,0.998877542172598
"LINC00478",332.445613720472,-1.45158720154758,0.965818781803457,-1.50296021251218,0.132849304338917,0.998877542172598
"VDAC2P1",3.28818128851724,-1.8369124871252,3.27115474478533,-0.561548636625489,0.574423584025303,0.998877542172598
"RPS26P5",0.168392857601064,-1.33374906807086,4.96952223518502,-0.268385773309897,0.78840238920092,0.998877542172598
"SNORD74",2.49057549756043,-0.319315434835351,3.57738246503461,-0.0892595180851767,0.928875665492839,0.998877542172598
"AP001172.2",17.2298747628559,-1.62373036505502,1.79663413031741,-0.903762395278644,0.366121405747512,0.998877542172598
"AP001172.3",6.65603844053851,-3.09369544400455,2.67198817013061,-1.1578252772928,0.246935345802725,0.998877542172598
"MIR99A",1.22310850025596,-1.32241423010317,4.73577254758945,-0.279239388466046,0.780061117716919,0.998877542172598
"MIRLET7C",0.886322785053831,-0.600248928199076,4.83476408057898,-0.124152682156767,0.901194386454936,0.998877542172598
"AP000962.2",7.06249520610177,-1.57043810170396,2.3056562191714,-0.681124136653965,0.495792945653513,0.998877542172598
"MIR125B2",1.17875000320745,-3.72652181634947,4.83367458659495,-0.770950081473026,0.44073652050281,0.998877542172598
"AP000473.5",17.8351320966184,-0.511820848944967,1.46472829897371,-0.349430573099177,0.726766084108805,0.998877542172598
"AP000473.8",31.4647908955834,-1.39356496539478,1.2421209558053,-1.12192372158419,0.261894873649922,0.998877542172598
"C21orf37",30.4830515750331,-6.43680050261591,4.72444178704344,-1.3624467805421,0.173056928820198,0.998877542172598
"RPL39P40",0.168392857601064,-1.33374906807086,4.96952223518502,-0.268385773309897,0.78840238920092,0.998877542172598
"CXADR",303.345901237706,-0.0638429168566854,0.949079089781218,-0.0672682788442873,0.946368129484933,0.998877542172598
"BTF3L4P1",0.930681282102344,1.69921271270046,4.83369566456621,0.35153489806085,0.725187096095449,0.998877542172598
"Y_RNA",1.97179613818324,-0.255585136310718,3.16651599469439,-0.080714936144002,0.935668658249117,0.998877542172598
"BTG3",176.053334834243,0.976423087355814,0.894242941893546,1.09189912674989,0.274877441591905,0.998877542172598
"C21orf91-OT1",1.14343263675192,3.59704028365528,4.83639540242749,0.743744045792834,0.457031337105807,0.998877542172598
"C21orf91",249.835393639621,-1.88853260146935,1.15556628822501,-1.6342918798455,0.102197577895598,0.998877542172598
"AL109761.5",1.2190306855499,-3.76074687768222,4.67795115300918,-0.803930343578523,0.421437204629769,0.998877542172598
"CHODL-AS1",0.168392857601064,-1.33374906807086,4.96952223518502,-0.268385773309897,0.78840238920092,0.998877542172598
"CHODL",40.051853096136,2.12722304127247,1.46935235338556,1.4477283385235,0.1476930412221,0.998877542172598
"AP000998.2",0.168392857601064,-1.33374906807086,4.96952223518502,-0.268385773309897,0.78840238920092,0.998877542172598
"TMPRSS15",0.476609657199346,2.41927265333919,4.89980268306567,0.493748995587211,0.621483458200339,0.998877542172598
"AL109763.2",1.05471564265489,-1.0038506329172,4.80796557010872,-0.208789064372294,0.834612908570007,0.998877542172598
"PPIAP22",153.152477877212,0.662852802909714,0.961271696010032,0.689558223404506,0.490472046780713,0.998877542172598
"SLC6A6P1",0.38114421225064,1.89696668944535,4.9382845809601,0.384134745243164,0.700878580360504,0.998877542172598
"AP001171.1",0.38114421225064,1.89696668944535,4.9382845809601,0.384134745243164,0.700878580360504,0.998877542172598
"KRT18P2",0.38114421225064,1.89696668944535,4.9382845809601,0.384134745243164,0.700878580360504,0.998877542172598
"LINC00320",591.054668404339,-5.83013706380695,3.33341668746768,-1.74899738329323,0.0802914717264702,0.998877542172598
"NCAM2",483.101162451498,-1.80247081736541,1.07567792986232,-1.67566031367412,0.093804747560815,0.998877542172598
"AP001136.2",2.23346564586234,-2.5185966104737,3.79311376993974,-0.663991845020171,0.506695530536498,0.998877542172598
"AP001137.1",0.168392857601064,-1.33374906807086,4.96952223518502,-0.268385773309897,0.78840238920092,0.998877542172598
"AF241725.6",0.38114421225064,1.89696668944535,4.9382845809601,0.384134745243164,0.700878580360504,0.998877542172598
"AP000705.8",0.168392857601064,-1.33374906807086,4.96952223518502,-0.268385773309897,0.78840238920092,0.998877542172598
"AP000705.6",0.168392857601064,-1.33374906807086,4.96952223518502,-0.268385773309897,0.78840238920092,0.998877542172598
"MAPK6PS2",0.168392857601064,-1.33374906807086,4.96952223518502,-0.268385773309897,0.78840238920092,0.998877542172598
"AP000959.2",0.168392857601064,-1.33374906807086,4.96952223518502,-0.268385773309897,0.78840238920092,0.998877542172598
"AP000459.4",6.33902631667494,-2.99972985902008,2.27531806821026,-1.31837825266321,0.187377057121531,0.998877542172598
"AP000476.1",21.9327746638062,0.286344587608,1.7209970435581,0.166382963108404,0.867855580547964,0.998877542172598
"AP000146.2",0.38114421225064,1.89696668944535,4.9382845809601,0.384134745243164,0.700878580360504,0.998877542172598
"AP001342.1",0.38114421225064,1.89696668944535,4.9382845809601,0.384134745243164,0.700878580360504,0.998877542172598
"7SK",0.38114421225064,1.89696668944535,4.9382845809601,0.384134745243164,0.700878580360504,0.998877542172598
"AP000233.4",0.38114421225064,1.89696668944535,4.9382845809601,0.384134745243164,0.700878580360504,0.998877542172598
"RPL13AP7",18.028325910211,-0.433941519722321,1.38305109991596,-0.313756678801448,0.753705849309439,0.998877542172598
"LINC00158",4.76520732694611,-0.166259091361896,2.5504694092629,-0.0651876437953222,0.948024599026649,0.998877542172598
"AP000221.1",0.377066397544586,-1.92436165898798,4.94173231539359,-0.389410339567273,0.696972624615115,0.998877542172598
"MIR155HG",28.7458770776401,2.67395984662146,1.3581716312728,1.9687937702804,0.0489767779751231,0.998877542172598
"LINC00515",12.771826748146,-0.885562365668502,1.5497742450359,-0.571413783978574,0.567719187633506,0.998877542172598
"MRPL39",129.715877915725,0.144893697155619,0.939242009617986,0.154266627420713,0.877399509749349,0.998877542172598
"JAM2",783.856155906545,-0.442854199430375,0.915999541397263,-0.483465525271821,0.628765232448763,0.998877542172598
"RNGTTP1",2.32218263995937,-0.127218374354203,3.66851401659965,-0.0346784484885579,0.972336146203888,0.998877542172598
"FDX1P2",0.336785715202127,-1.99260058416184,4.93912662625832,-0.403431767383407,0.686630620881492,0.998877542172598
"ATP5J",598.298051452298,-1.38475901439384,1.13286955247171,-1.22234639581632,0.221576661073224,0.998877542172598
"GABPA",371.667163870626,0.495279134868866,0.862908520579703,0.573964821365001,0.565991606846079,0.998877542172598
"AP000226.9",0.549537069851704,0.597498289572193,4.90998119365439,0.121690545443309,0.903144101229972,0.998877542172598
"APP",10134.4153483626,0.127524915873944,0.983074613860391,0.129720485175761,0.896787574684647,0.998877542172598
"AP001442.2",17.6820972040281,-0.559265830789494,2.20377878099733,-0.25377584883379,0.799668732603477,0.998877542172598
"RNU6-123P",1.98539692475724,0.354574557301947,3.88905809060847,0.0911723479158605,0.92735564658949,0.998877542172598
"AP001439.2",1.17875000320745,-3.72652181634947,4.83367458659495,-0.770950081473026,0.44073652050281,0.998877542172598
"AP000230.1",11.0246255727495,-0.428131502530713,1.95553728256167,-0.218932927716867,0.826702296015697,0.998877542172598
"AP001596.6",3.09121951531233,-0.633729644549719,2.91494944012384,-0.217406736400476,0.827891381859326,0.998877542172598
"AP001597.1",9.7820934810314,-1.56072344388209,2.088813952119,-0.747181644539866,0.454953922399809,0.998877542172598
"KB-1466C5.1",0.168392857601064,-1.33374906807086,4.96952223518502,-0.268385773309897,0.78840238920092,0.998877542172598
"CYYR1",133.929912007635,-1.3605929971318,1.02383881692721,-1.3289132768137,0.183876583045965,0.998877542172598
"ADAMTS1",392.920595906018,-0.745213598486502,0.949641494151424,-0.784731504547836,0.432611007188308,0.998877542172598
"AP001601.2",0.168392857601064,-1.33374906807086,4.96952223518502,-0.268385773309897,0.78840238920092,0.998877542172598
"ADAMTS5",51.1410956633991,0.193247138104174,1.35800556735692,0.142302169261566,0.886841333141557,0.998877542172598
"GPX1P2",1.26746699730447,0.496911187268054,4.64320234193853,0.107019068021187,0.914773852535646,0.998877542172598
"AP001604.3",0.38114421225064,1.89696668944535,4.9382845809601,0.384134745243164,0.700878580360504,0.998877542172598
"EIF4A1P1",0.168392857601064,-1.33374906807086,4.96952223518502,-0.268385773309897,0.78840238920092,0.998877542172598
"AJ006995.3",0.168392857601064,-1.33374906807086,4.96952223518502,-0.268385773309897,0.78840238920092,0.998877542172598
"AL035610.1",1.76448994069555,-4.28827125255963,4.01817401648407,-1.06721889967122,0.285873000044989,0.998877542172598
"AL035610.2",1.01035714560638,-3.50780537775189,4.84158070438127,-0.724516556044928,0.468748666709314,0.998877542172598
"AF131217.1",9.76485837576185,1.08733042718925,2.07542481689968,0.523907403600161,0.600342945114319,0.998877542172598
"LINC00161",0.505178572803191,-2.53151827608941,4.8952209100835,-0.517140762917322,0.605057900025671,0.998877542172598
"RNU6-872P",0.717929927452767,-0.0613431650952382,4.87921454429365,-0.0125723442858196,0.989968984858739,0.998877542172598
"N6AMT1",122.494136277649,-0.440833234764674,0.943300700559419,-0.467330549530219,0.64026340284335,0.998877542172598
"HSPD1P7",0.76228842450128,2.99870139262852,4.86244306567458,0.616706736125556,0.53742817733201,0.998877542172598
"THUMPD1P1",0.377066397544586,-1.92436165898798,4.94173231539359,-0.389410339567273,0.696972624615115,0.998877542172598
"LTN1",528.514113492349,0.530379061523797,0.906297167967556,0.585215402044359,0.558402889841566,0.998877542172598
"RPL23P2",6.9464586213831,-0.891133849519052,1.88712578048913,-0.472217516570663,0.636771538027399,0.998877542172598
"RWDD2B",95.4328901094758,-0.320135251106472,0.981004181578564,-0.326334237017555,0.744171487404458,0.998877542172598
"RP1-100J12.1",3.06134730601869,0.533999009449675,2.66039142940027,0.200721970289182,0.84091597952068,0.998877542172598
"USP16",575.166915293191,-0.203667471565441,0.862864176678579,-0.236036536305653,0.813404319161083,0.998877542172598
"CCT8",702.413634538061,0.800201736364251,0.851301515357328,0.939974523630881,0.347230628748453,0.998877542172598
"AF129075.5",4.61846700046051,-0.781218559567682,2.28678271629834,-0.341623431907102,0.732634300924853,0.998877542172598
"MAP3K7CL",93.5933922880271,0.885412677127728,0.959145097426909,0.923126938252635,0.355941057780146,0.998877542172598
"RPL12P9",0.841964288005319,-3.24977253321188,4.85254170097533,-0.669705225317013,0.503045720023169,0.998877542172598
"AF124730.4",0.549537069851704,0.597498289572193,4.90998119365439,0.121690545443309,0.903144101229972,0.998877542172598
"LINC00189",1.47614053724799,0.0378678086160262,3.93973601629706,0.00961176293522784,0.992331040836126,0.998877542172598
"BACH1",667.385495920955,0.850121207552544,1.00315475915949,0.847447714114255,0.3967456188317,0.998877542172598
"GAPDHP14",0.505178572803191,-2.53151827608941,4.8952209100835,-0.517140762917322,0.605057900025671,0.998877542172598
"BACH1-IT1",9.10755836807722,0.823405339912761,2.0699187509161,0.39779597124203,0.690780587219016,0.998877542172598
"AP000240.9",4.36230669870936,-1.97487713893012,2.36787577932591,-0.834029029805072,0.404264625445764,0.998877542172598
"BACH1-AS1",0.717929927452767,-0.0613431650952382,4.87921454429365,-0.0125723442858196,0.989968984858739,0.998877542172598
"BACH1-IT2",8.31320893941164,0.616180933324052,2.27844672808017,0.270439034509816,0.786822513267025,0.998877542172598
"BACH1-IT3",5.40665370442001,0.309409608913478,2.79387552343633,0.110745667198845,0.91181803149641,0.998877542172598
"GRIK1",148.159884375067,-0.711840781941282,1.10049330292287,-0.646837904465805,0.517736857632385,0.998877542172598
"RP11-313P22.1",2.81187140635316,-0.430521387410065,2.70832712295211,-0.158962107553976,0.873698727953793,0.998877542172598
"GRIK1-AS1",14.0894113072991,-2.01034431959936,1.75767115149304,-1.14375451738609,0.25272545706385,0.998877542172598
"CLDN8",0.38114421225064,1.89696668944535,4.9382845809601,0.384134745243164,0.700878580360504,0.998877542172598
"KRTAP24-1",0.549537069851704,0.597498289572193,4.90998119365439,0.121690545443309,0.903144101229972,0.998877542172598
"MIR4327",0.38114421225064,1.89696668944535,4.9382845809601,0.384134745243164,0.700878580360504,0.998877542172598
"KRTAP19-1",0.38114421225064,1.89696668944535,4.9382845809601,0.384134745243164,0.700878580360504,0.998877542172598
"KRTAP22-2",0.168392857601064,-1.33374906807086,4.96952223518502,-0.268385773309897,0.78840238920092,0.998877542172598
"KRTAP21-2",1.13935482204587,1.10856132308098,4.80511876589818,0.230704250423198,0.817544571238099,0.998877542172598
"KRTAP21-1",0.168392857601064,-1.33374906807086,4.96952223518502,-0.268385773309897,0.78840238920092,0.998877542172598
"KRTAP8-1",0.76228842450128,2.99870139262852,4.86244306567458,0.616706736125556,0.53742817733201,0.998877542172598
"KRTAP11-1",1.47614053724799,0.0378678086160262,3.93973601629706,0.00961176293522784,0.992331040836126,0.998877542172598
"UBE3AP2",2.48105252569248,0.0559031346307308,3.21312500547876,0.0173983690442822,0.98611881027348,0.998877542172598
"TIAM1",517.748572649784,0.04169450695185,0.850954061752951,0.0489973652231708,0.960921395666807,0.998877542172598
"AP000563.2",0.549537069851704,0.597498289572193,4.90998119365439,0.121690545443309,0.903144101229972,0.998877542172598
"AP000251.3",0.38114421225064,1.89696668944535,4.9382845809601,0.384134745243164,0.700878580360504,0.998877542172598
"FBXW11P1",3.44249151826933,0.80417222252238,2.56304370633449,0.31375673404823,0.753705807346068,0.998877542172598
"AP000253.1",4.12150810583548,-0.608081402644364,2.42013225828178,-0.251259574993675,0.80161342725907,0.998877542172598
"SOD1",1647.40724839931,-0.963441738290148,0.991204158872169,-0.971991218626836,0.331054917207594,0.998877542172598
"SNORA81",2.00118650620191,4.41845059287984,3.84747340863647,1.14840315282276,0.2508021727524,0.998877542172598
"AP000254.8",12.7413688127068,-0.495207011547756,1.53334907767155,-0.322957778342128,0.74672721802089,0.998877542172598
"SCAF4",265.847626948598,0.267269987197123,0.890978260103683,0.299973634784334,0.76419726644564,0.998877542172598
"HMGN1P2",3.08447106446065,0.614540842684148,3.32259698008337,0.184957985084525,0.853261989970989,0.998877542172598
"AP000255.6",7.24664788910138,-3.70942511949762,2.19983346992436,-1.68622996704617,0.0917515140589213,0.998877542172598
"TPT1P1",0.327262743334179,-0.043613467698657,4.93915164259875,-0.00883015360826411,0.992954648322806,0.998877542172598
"HUNK",51.9959067695181,0.695794852260808,1.10984251101116,0.626931159473141,0.530704361148051,0.998877542172598
"LINC00159",2.48105252569248,0.0559031346307308,3.21312500547876,0.0173983690442822,0.98611881027348,0.998877542172598
"AP000265.1",0.886322785053831,-0.600248928199076,4.83476408057898,-0.124152682156767,0.901194386454936,0.998877542172598
"MIS18A",48.2648283220138,0.172352267782786,1.06238886603277,0.162230867899053,0.871124052699382,0.998877542172598
"MIS18A-AS1",3.90875675118591,-1.08376228030912,2.4622612582006,-0.4401491826668,0.659829062372683,0.998877542172598
"MRAP",1.88715695879226,-1.3941512508618,3.59463694433133,-0.387842019222651,0.698132947840842,0.998877542172598
"AP000266.7",2.99575407036362,-0.779310260119874,3.35670033964289,-0.232165573708252,0.816409415462509,0.998877542172598
"URB1",526.077224533107,-0.0811591900850916,0.969562729852122,-0.083707002740782,0.933289389307153,0.998877542172598
"RN7SL109P",1.17875000320745,-3.72652181634947,4.83367458659495,-0.770950081473026,0.44073652050281,0.998877542172598
"SNORA80",3.37689828261426,-0.356449774696748,3.22149990189392,-0.110647147462954,0.911896158729574,0.998877542172598
"C21orf119",50.0118661004474,-0.620229336917172,1.12461182381456,-0.551505260555967,0.581287361507641,0.998877542172598
"EVA1C",192.569500960803,0.0726203287290576,0.907416679144804,0.0800297486238613,0.936213595866197,0.998877542172598
"EXOSC3P1",3.03603475270608,-0.816304454225965,3.01051328082667,-0.271151254978624,0.786274701830806,0.998877542172598
"RNA5SP490",1.39150135785702,-1.59643655241837,4.50490769312829,-0.354377195087381,0.723056222776276,0.998877542172598
"LINC00846",4.44824917179011,-1.42738431601686,2.28564595896445,-0.624499306385821,0.532299725709294,0.998877542172598
"TCP10L",3.90686773135052,-0.578618982176137,2.3486114981581,-0.246366409527468,0.805398606296451,0.998877542172598
"AP000275.65",0.336785715202127,-1.99260058416184,4.93912662625832,-0.403431767383407,0.686630620881492,0.998877542172598
"C21orf59",84.7660287954708,-0.0735579917311788,0.974459253319663,-0.0754859595007086,0.939828068358145,0.998877542172598
"OR7E23P",0.930681282102344,1.69921271270046,4.83369566456621,0.35153489806085,0.725187096095449,0.998877542172598
"SYNJ1",469.753810981951,-0.173012807877884,0.93102520557307,-0.185830423110178,0.852577745866367,0.998877542172598
"PAXBP1-AS1",53.979285878875,-0.80742603986661,1.04345021583007,-0.77380408534805,0.43904665624016,0.998877542172598
"PAXBP1",635.438425844647,0.395221265702298,0.92571341270684,0.426936955084887,0.669425247889526,0.998877542172598
"C21orf49",17.0462379051732,-0.798556768673027,1.39532980906886,-0.572306822002122,0.567114128810475,0.998877542172598
"C21orf62",278.647634258515,-0.739567819674018,1.24159767270783,-0.595658187777589,0.551403596010187,0.998877542172598
"AP000281.2",0.168392857601064,-1.33374906807086,4.96952223518502,-0.268385773309897,0.78840238920092,0.998877542172598
"AP000282.2",2.47100787644498,-0.974262721888596,3.21829655912144,-0.302726210587181,0.762098521331862,0.998877542172598
"AP000282.3",0.38114421225064,1.89696668944535,4.9382845809601,0.384134745243164,0.700878580360504,0.998877542172598
"OLIG2",682.350917278849,-0.611296647390422,1.15556812548303,-0.529000959709664,0.5968047841302,0.998877542172598
"LINC00945",3.43563918254701,-0.636362044420449,2.50463822138288,-0.254073438226578,0.799438823405076,0.998877542172598
"OLIG1",2433.16152260645,-1.56045455340131,1.42991225468888,-1.09129392260565,0.275143571081559,0.998877542172598
"AP000289.6",0.54545925514565,-2.57144703525658,4.89227527309039,-0.525613726071516,0.599156617867467,0.998877542172598
"IFNAR2",127.260197455438,0.369996203836073,0.922446093236253,0.401103334437681,0.688344045986469,0.998877542172598
"IL10RB-AS1",9.05038070076494,-0.0253520712704035,1.70657635447597,-0.0148555153737545,0.988147449591437,0.998877542172598
"IL10RB",124.192789365235,0.548127625802585,0.94828676336137,0.578018851449165,0.563251391910931,0.998877542172598
"AP000295.10",2.01207682052569,-0.271033514205734,3.14167753159563,-0.0862703162498281,0.931251534681345,0.998877542172598
"IFNAR1",783.297003964562,0.227658522546482,0.898328532708389,0.253424570474356,0.799940142731763,0.998877542172598
"USF1P1",1.64861120955511,1.07897566642166,4.19046619608628,0.257483443591402,0.796805594658076,0.998877542172598
"IFNGR2",456.857998117718,1.05655013731901,0.890115327052298,1.18698117559427,0.235235045780923,0.998877542172598
"TMEM50B",431.229940220827,-0.14577901960002,0.942653271798092,-0.154647550654494,0.877099180907461,0.998877542172598
"RPS5P3",0.336785715202127,-1.99260058416184,4.93912662625832,-0.403431767383407,0.686630620881492,0.998877542172598
"AP000302.58",1.22310850025596,-1.32241423010317,4.73577254758945,-0.279239388466046,0.780061117716919,0.998877542172598
"DNAJC28",13.9991449045066,-0.625739303149102,1.52061162726038,-0.411505010175721,0.680702268242865,0.998877542172598
"GART",440.5425820124,0.562875172121731,0.871857243419293,0.645604743632363,0.518535364482248,0.998877542172598
"BTF3P6",0.505178572803191,-2.53151827608941,4.8952209100835,-0.517140762917322,0.605057900025671,0.998877542172598
"SON",3122.10563240262,0.28978908224819,0.905197354810525,0.320139117406997,0.748862873413124,0.998877542172598
"DONSON",100.118418527084,0.539749445567609,0.948151718069308,0.569264850003841,0.569176417005997,0.998877542172598
"AP000304.1",0.168392857601064,-1.33374906807086,4.96952223518502,-0.268385773309897,0.78840238920092,0.998877542172598
"CRYZL1",237.226285919304,-1.26341569142509,1.03663395015384,-1.21876742628157,0.222932478096349,0.998877542172598
"ITSN1",936.963348475175,-0.994217278453743,0.867895458579435,-1.14554958045416,0.25198156944895,0.998877542172598
"ATP5O",546.940319212666,-1.08513656469094,0.966161663529354,-1.12314181534276,0.261377269283998,0.998877542172598
"LINC00649",21.5809426382052,1.83353255925047,1.51504477644574,1.21021674590496,0.226195733988096,0.998877542172598
"AP000569.9",0.158869885733115,1.25587251058091,4.96728806855882,0.252828604511612,0.800400662441173,0.998877542172598
"MRPS6",179.61161393532,-0.260974267415407,0.932654143703747,-0.279818911626799,0.779616441688785,0.998877542172598
"SLC5A3",677.184243139838,1.19220605091371,1.01804684019813,1.17107190341231,0.241569876337371,0.998877542172598
"AP000320.7",0.76228842450128,2.99870139262852,4.86244306567458,0.616706736125556,0.53742817733201,0.998877542172598
"RPS5P2",2.0202324499378,2.16246011076751,3.53000926948507,0.612593323609872,0.54014527386448,0.998877542172598
"LINC00310",8.5090633090914,-0.129480665121618,1.74252434805491,-0.074306373547176,0.940766605696965,0.998877542172598
"AP000318.2",0.930681282102344,1.69921271270046,4.83369566456621,0.35153489806085,0.725187096095449,0.998877542172598
"KCNE2",2.27593512307546,-0.278709611380735,2.9343619756691,-0.0949813328047854,0.924329654142705,0.998877542172598
"SMIM11",187.955376654106,-0.983079647084779,1.0107034066255,-0.972668777645707,0.330717947682809,0.998877542172598
"C21orf140",10.7541766729263,0.173133341158362,1.64241454863395,0.105413911063052,0.916047378132591,0.998877542172598
"CMP21-97G8.1",1.26746699730447,0.496911187268054,4.64320234193853,0.107019068021187,0.914773852535646,0.998877542172598
"AP000322.53",0.822918344269421,-0.589185675449949,4.83434916983881,-0.121874869760306,0.9029981182659,0.998877542172598
"CMP21-97G8.2",0.158869885733115,1.25587251058091,4.96728806855882,0.252828604511612,0.800400662441173,0.998877542172598
"KCNE1",22.7486306495857,1.08338776878548,1.59069399326893,0.681078682241753,0.495821705177359,0.998877542172598
"SNORA11",0.38114421225064,1.89696668944535,4.9382845809601,0.384134745243164,0.700878580360504,0.998877542172598
"RCAN1",1261.8490749972,-0.643530204430798,0.905789103274569,-0.710463619074612,0.477416683778498,0.998877542172598
"CLIC6",5.43511873515322,-2.11533179687135,2.25867794536402,-0.936535375135312,0.348997607775001,0.998877542172598
"AP000330.8",19.4952487940109,1.58361895289516,1.49634013016781,1.05832819755864,0.289905841850881,0.998877542172598
"RUNX1",526.717644764394,1.7032729669351,1.02363739287632,1.66394172271206,0.09612407607674,0.998877542172598
"AF015262.2",0.930681282102344,1.69921271270046,4.83369566456621,0.35153489806085,0.725187096095449,0.998877542172598
"AF015720.3",0.549537069851704,0.597498289572193,4.90998119365439,0.121690545443309,0.903144101229972,0.998877542172598
"AP000688.8",2.57870676551185,1.95938826836329,2.8873862121747,0.678602765401285,0.497389590170644,0.998877542172598
"AP000688.1",0.38114421225064,1.89696668944535,4.9382845809601,0.384134745243164,0.700878580360504,0.998877542172598
"SETD4",153.855914627516,-0.115081744101514,0.912213605179964,-0.126156575003955,0.899607984779324,0.998877542172598
"RIMKLBP1",6.72522764962468,0.0770809121110538,2.28977241784421,0.0336631324189084,0.973145778366801,0.998877542172598
"AP000688.14",3.90823507380636,-2.23219569190786,2.64548399187775,-0.843775921064433,0.39879463329195,0.998877542172598
"CBR1",858.938529840901,-1.65238573179483,1.07657341508177,-1.53485652594284,0.124819074335977,0.998877542172598
"AP000688.15",0.31773977146623,1.90806542753174,4.93787706577352,0.386414121314873,0.699189993467294,0.998877542172598
"AP000688.29",12.0820081076836,-2.21268494066545,1.69470618024739,-1.30564517109535,0.191673251527844,0.998877542172598
"MEMO1P1",23.962672007069,0.484663694874566,1.25081603362537,0.387477999838087,0.698402368951236,0.998877542172598
"CBR3-AS1",17.420987410315,-0.515848863512972,1.3685175428883,-0.376939898354723,0.706218270024817,0.998877542172598
"CBR3",42.5053133698367,0.207668814406081,1.16496498126427,0.178261851425534,0.858517337070956,0.998877542172598
"DOPEY2",208.507672090076,0.40662116942497,1.01279580575883,0.4014838599379,0.688063918849859,0.998877542172598
"RPL3P1",0.717929927452767,-0.0613431650952382,4.87921454429365,-0.0125723442858196,0.989968984858739,0.998877542172598
"SRSF9P1",0.549537069851704,0.597498289572193,4.90998119365439,0.121690545443309,0.903144101229972,0.998877542172598
"AP000692.10",1.84498725661442,-0.354540403089959,3.53340954595228,-0.100339459233109,0.920074831610557,0.998877542172598
"MORC3",424.178254529237,0.547059812630257,0.880391701227607,0.621382291390802,0.534348120774815,0.998877542172598
"AP000692.9",5.18787146646294,0.788334871087838,2.38081745461232,0.331119410083544,0.740554290728943,0.998877542172598
"CHAF1B",56.6587963157932,0.527949153596168,1.08130832833793,0.488250335043359,0.625372535302552,0.998877542172598
"ATP5J2LP",0.168392857601064,-1.33374906807086,4.96952223518502,-0.268385773309897,0.78840238920092,0.998877542172598
"AP000695.6",4.621477247746,2.4688560955848,2.30409831135215,1.07150640379402,0.28394179286178,0.998877542172598
"AP000695.4",1.84906507132047,0.751858778829207,3.53195045940419,0.212873534742625,0.831425605481898,0.998877542172598
"CLDN14",0.886322785053831,-0.600248928199076,4.83476408057898,-0.124152682156767,0.901194386454936,0.998877542172598
"AP000695.1",0.327262743334179,-0.043613467698657,4.93915164259875,-0.00883015360826411,0.992954648322806,0.998877542172598
"AP000697.6",0.76228842450128,2.99870139262852,4.86244306567458,0.616706736125556,0.53742817733201,0.998877542172598
"SIM2",36.0760775200803,-0.461426608401499,1.16154659924786,-0.397251912837838,0.691181703994848,0.998877542172598
"HLCS",259.869123398886,-0.172287993658198,0.886688926350368,-0.194304889277617,0.845937157504176,0.998877542172598
"HLCS-IT1",4.60000678287022,-0.568524903822533,2.92539912535074,-0.194340970056306,0.845908907652022,0.998877542172598
"RNA5SP491",0.886322785053831,-0.600248928199076,4.83476408057898,-0.124152682156767,0.901194386454936,0.998877542172598
"DPRXP5",0.336785715202127,-1.99260058416184,4.93912662625832,-0.403431767383407,0.686630620881492,0.998877542172598
"AP000704.5",3.57060369352794,0.638464471969919,2.78622601570101,0.229150280117991,0.818752115089258,0.998877542172598
"PIGP",144.487591016992,-1.46639390102009,1.09616585547103,-1.33774820087785,0.180978532578956,0.998877542172598
"TTC3",2836.79276366529,-0.128838409823019,0.830931840724839,-0.15505292192273,0.876779596091993,0.998877542172598
"AP001429.1",5.02550949216937,0.115114668346481,2.85148723121702,0.0403700451772141,0.967798111258967,0.998877542172598
"TTC3-AS1",5.06986798921788,0.52893745397681,2.84474882650522,0.185934676920708,0.85249598809257,0.998877542172598
"DSCR9",3.76071313101053,-1.77262895419844,2.52062733552745,-0.703249119460776,0.481900513075262,0.998877542172598
"RN7SL678P",0.158869885733115,1.25587251058091,4.96728806855882,0.252828604511612,0.800400662441173,0.998877542172598
"AP001432.14",2.85811892323707,-0.335602695045928,2.77328493231991,-0.12101269910452,0.903680976686821,0.998877542172598
"DSCR3",397.139310258718,0.229614894000144,0.861705312505473,0.266465682255714,0.789880585834156,0.998877542172598
"AP001412.1",1.19046176994606,-0.508661154111217,4.22786883606785,-0.120311479337259,0.904236410970318,0.998877542172598
"AP001437.1",4.37401846544797,-1.06630899352725,2.34803665540305,-0.454127916220377,0.64973676158446,0.998877542172598
"DYRK1A",777.708386504406,0.140571105620877,0.899119866149741,0.156343009328487,0.875762656594725,0.998877542172598
"KCNJ6",154.419933809677,-1.51855304321417,1.17264472614896,-1.29498134375379,0.195326665366739,0.998877542172598
"DSCR4",0.76228842450128,2.99870139262852,4.86244306567458,0.616706736125556,0.53742817733201,0.998877542172598
"KCNJ15",34.7553318942882,2.15420109036069,1.34175137201429,1.60551435630486,0.108380656344835,0.998877542172598
"AP001434.2",0.76228842450128,2.99870139262852,4.86244306567458,0.616706736125556,0.53742817733201,0.998877542172598
"SPATA20P1",2.57929249165745,1.40434375861999,3.54816124659881,0.39579479652064,0.692256415807921,0.998877542172598
"ERG",173.983623688545,-1.01701431254794,1.03707728678607,-0.980654311405943,0.326763241678368,0.998877542172598
"ETS2",670.309821068746,-0.68507256683591,0.850935127823078,-0.805082014405152,0.420772353871713,0.998877542172598
"AF064858.6",0.76228842450128,2.99870139262852,4.86244306567458,0.616706736125556,0.53742817733201,0.998877542172598
"RPSAP64",0.168392857601064,-1.33374906807086,4.96952223518502,-0.268385773309897,0.78840238920092,0.998877542172598
"AF064858.8",3.25553455820734,-1.49809462462444,2.63293536522509,-0.568982681614886,0.56936789286373,0.998877542172598
"AF064858.11",1.48696680280573,-1.04909570680369,4.30447112878933,-0.243722323931293,0.807445882642178,0.998877542172598
"AF064858.10",0.168392857601064,-1.33374906807086,4.96952223518502,-0.268385773309897,0.78840238920092,0.998877542172598
"PCBP2P1",1.43585985490553,0.0857317954703123,4.41139493051679,0.0194341691960618,0.984494752474137,0.998877542172598
"PSMG1",109.02866363124,0.221895922643898,0.934693029069445,0.237399783397134,0.812346657753092,0.998877542172598
"BRWD1",1167.81667298237,-0.260321397511468,0.874974358307742,-0.297518887313392,0.766070390486883,0.998877542172598
"TIMM9P2",1.93151545584078,-0.220755475451889,3.5209727690677,-0.0626972970058902,0.95000754983765,0.998877542172598
"BRWD1-IT1",2.1537897823583,0.0939131554666692,3.77140184598784,0.0249013919231592,0.980133616985436,0.998877542172598
"METTL21AP1",2.70332685221001,0.291397175309079,3.47516079483116,0.083851422283105,0.93317456287298,0.998877542172598
"BRWD1-IT2",9.04590930621145,-1.89983686487233,1.7926187884135,-1.05981086282919,0.289230653878813,0.998877542172598
"BRWD1-AS1",1.30774767964693,0.454251436725579,4.16901600496919,0.108958909292778,0.913235081863938,0.998877542172598
"HMGN1",853.831533816607,0.290370450926435,0.857953731967378,0.338445349798275,0.735027604082548,0.998877542172598
"RNF6P1",0.758210609795226,0.00686775269041045,4.88185114654619,0.00140679272764579,0.998877542172598,0.998877542172598
"WRB",519.811211875942,-0.977323135947236,1.04231483741843,-0.937646765508814,0.348425969786802,0.998877542172598
"LCA5L",21.5831939910018,-0.774982996837198,1.30920140205773,-0.591950937127873,0.553883443059361,0.998877542172598
"SH3BGR",163.52913496096,-0.728834456385056,1.02072223136399,-0.714037995832732,0.475203684784973,0.998877542172598
"RPS26P4",0.38114421225064,1.89696668944535,4.9382845809601,0.384134745243164,0.700878580360504,0.998877542172598
"AF121897.4",2.52589286401596,-4.81963790948287,3.98126537198425,-1.21057941613191,0.226056637083126,0.998877542172598
"B3GALT5",35.361030051059,-0.729083242971765,1.35029364562503,-0.53994421534457,0.589235504117621,0.998877542172598
"C21orf88",15.5864086267494,-0.304359467679952,1.43494170688732,-0.212105806263147,0.83202449002023,0.998877542172598
"AF064860.5",1.22310850025596,-1.32241423010317,4.73577254758945,-0.279239388466046,0.780061117716919,0.998877542172598
"AF064860.7",2.77892490100799,-2.95411136616978,3.1916090348701,-0.925586854121064,0.354660727694083,0.998877542172598
"IGSF5",10.5559116060316,0.572583262750049,1.62066778577146,0.353300823140315,0.723862928493943,0.998877542172598
"PCP4",61.1362252796317,-1.15941504214841,1.43405417147406,-0.808487618676674,0.418809930745902,0.998877542172598
"DSCAM",183.852721232619,-0.636932993927281,0.913246816938688,-0.697437956654869,0.485528754534223,0.998877542172598
"DSCAM-AS1",1.68392857601064,-4.23583220918737,4.62531403057779,-0.915793431793913,0.359775249150629,0.998877542172598
"SNORA51",0.168392857601064,-1.33374906807086,4.96952223518502,-0.268385773309897,0.78840238920092,0.998877542172598
"DSCAM-IT1",2.9070370762666,-2.99564430821452,3.47678457084928,-0.861613438270283,0.388900273584789,0.998877542172598
"LINC00323",15.7316721825238,-3.01793741364704,1.78366265067724,-1.69198890412442,0.0906480892694158,0.998877542172598
"BACE2",252.623947905175,1.44804091967964,1.00384838059594,1.44248967042214,0.149164283544768,0.998877542172598
"PLAC4",7.16977630265973,0.248590017378245,2.35375211339155,0.105614357588424,0.915888332758328,0.998877542172598
"BACE2-IT1",1.86136256420469,2.03596287205347,4.0434065763563,0.503526626275652,0.614594064976571,0.998877542172598
"FAM3B",4.94058436166807,1.06656622416648,2.20060919995418,0.48466862002971,0.62791142933896,0.998877542172598
"MX2",118.479141575681,1.44968106302757,1.14814842393239,1.26262513871023,0.206723929138381,0.998877542172598
"MX1",427.527725881736,0.332194720422473,0.941609495503196,0.352794573556152,0.724242452213257,0.998877542172598
"TMPRSS2",8.33875721899348,3.00970441723822,2.03843644971679,1.47647694273539,0.139815900574931,0.998877542172598
"AP001610.9",0.38114421225064,1.89696668944535,4.9382845809601,0.384134745243164,0.700878580360504,0.998877542172598
"LINC00111",0.38114421225064,1.89696668944535,4.9382845809601,0.384134745243164,0.700878580360504,0.998877542172598
"LINC00479",0.38114421225064,1.89696668944535,4.9382845809601,0.384134745243164,0.700878580360504,0.998877542172598
"RIPK4",2.5063650790051,1.86276543758203,3.15101406552116,0.591163796431337,0.554410677642972,0.998877542172598
"PRDM15",100.123065651685,0.628725736970116,1.02877351247122,0.611141062000958,0.541106197759345,0.998877542172598
"AP001619.3",1.22310850025596,-1.32241423010317,4.73577254758945,-0.279239388466046,0.780061117716919,0.998877542172598
"AP001619.2",1.49648977467368,-1.78076125634932,4.32488009199578,-0.411748122137547,0.680524049352526,0.998877542172598
"C2CD2",255.802647097486,-0.0255333078603733,0.903458260718234,-0.0282617459716122,0.977453390696114,0.998877542172598
"ZBTB21",370.539226149594,0.879121308615378,1.02945935132143,0.853964080744835,0.393124891768354,0.998877542172598
"ZNF295-AS1",3.725395764555,0.152488267752631,2.45782172788995,0.062042037476633,0.950529355397025,0.998877542172598
"UMODL1",4.39293631165176,0.614146905500558,2.30525164559134,0.266412088534923,0.789921856241717,0.998877542172598
"C21orf128",3.06620673703499,-0.124667460796338,2.90292207235934,-0.0429455072126739,0.96574497268186,0.998877542172598
"ABCG1",247.111661063362,0.283422255884879,0.904629935200226,0.313301876111526,0.754051324907235,0.998877542172598
"AP001623.1",3.31923877402702,0.339418124683294,2.91751804859785,0.116337969133187,0.907384694883573,0.998877542172598
"TFF3",3.5461766413962,0.834547760759142,2.85773730843398,0.292030956902918,0.770262954923898,0.998877542172598
"TFF1",0.158869885733115,1.25587251058091,4.96728806855882,0.252828604511612,0.800400662441173,0.998877542172598
"TMPRSS3",29.6095229547742,-0.762396875434415,1.18569033952424,-0.642998302356353,0.520225201441859,0.998877542172598
"UBASH3A",6.82298577431469,2.40539538920278,2.28813175071209,1.05124863918094,0.293144409370355,0.998877542172598
"RSPH1",50.2569294196189,-2.76440465256332,1.17939945724126,-2.34390870335784,0.019082841876862,0.998877542172598
"SLC37A1",71.7843692433447,-0.0375586221093214,0.994306358190888,-0.0377736919812705,0.969868120155158,0.998877542172598
"AP001625.6",3.04011256741213,-0.0681302101822733,3.33692126860263,-0.0204170864992579,0.983710653636014,0.998877542172598
"AP001626.2",4.48716251167673,-0.164008946687238,2.25263721272819,-0.0728075278879927,0.941959280469783,0.998877542172598
"PDE9A",140.451290154127,-0.603274644469599,0.94823477969603,-0.636208096757417,0.524640796502243,0.998877542172598
"AP001627.1",5.87996716322354,-0.568816058436114,2.01102498836886,-0.282848826705768,0.777292723629725,0.998877542172598
"AP001628.7",0.54545925514565,-2.57144703525658,4.89227527309039,-0.525613726071516,0.599156617867467,0.998877542172598
"AP001628.6",1.48021835195405,1.6260194072164,4.39912689684789,0.36962321054696,0.711663254517722,0.998877542172598
"WDR4",59.0149912290001,0.0612975337695938,1.02121249675751,0.0600242691547763,0.952136305545782,0.998877542172598
"NDUFV3",390.211579031728,-0.987521020284569,0.938298353724827,-1.05245950434032,0.29258878051192,0.998877542172598
"ERVH48-1",9.5363174396676,0.388892054435972,2.21775739008276,0.175353740754059,0.86080168685204,0.998877542172598
"MIR5692B",0.168392857601064,-1.33374906807086,4.96952223518502,-0.268385773309897,0.78840238920092,0.998877542172598
"AP001630.5",0.495655600935243,-0.702464675333844,4.90856787438371,-0.143109903603409,0.886203383509303,0.998877542172598
"PKNOX1",187.338407848185,0.286362384693119,0.909678182567788,0.314795265161567,0.752917106961785,0.998877542172598
"CBS",727.950758244465,-0.963757057345969,1.04239988750801,-0.924555987481883,0.355196915883381,0.998877542172598
"U2AF1",549.501089681816,-0.00929344621553393,0.876291880446081,-0.0106054231733872,0.991538255211929,0.998877542172598
"MRPL51P2",0.76228842450128,2.99870139262852,4.86244306567458,0.616706736125556,0.53742817733201,0.998877542172598
"AP001631.9",0.540014097983755,2.51957417261697,4.89226887997143,0.515011385194283,0.606545064158474,0.998877542172598
"AP001631.10",1.81700406715617,0.672097632210096,4.02638012737379,0.16692354197776,0.867430209208262,0.998877542172598
"CRYAA",2.7123281466984,-1.51530227327053,2.7928199873148,-0.542570692043577,0.587425422533409,0.998877542172598
"LINC00322",0.168392857601064,-1.33374906807086,4.96952223518502,-0.268385773309897,0.78840238920092,0.998877542172598
"AP001046.5",3.3169859303903,0.520156015180924,2.85103048980335,0.182444914932075,0.855233580231036,0.998877542172598
"AP001046.6",0.327262743334179,-0.043613467698657,4.93915164259875,-0.00883015360826411,0.992954648322806,0.998877542172598
"SIK1",212.52272737209,0.290767236164038,0.890471342771335,0.326531828929058,0.744022011794687,0.998877542172598
"LINC00319",3.33880639514247,0.794986147317873,2.80060409372465,0.283862381369509,0.776515846418269,0.998877542172598
"LINC00313",3.49904362333142,-0.609172060857935,2.4593324442931,-0.247698135431639,0.804367974633328,0.998877542172598
"AP001048.4",0.336785715202127,-1.99260058416184,4.93912662625832,-0.403431767383407,0.686630620881492,0.998877542172598
"HSF2BP",17.0565182806899,-0.0283568979793663,1.37237298319641,-0.0206626757642225,0.98351474308408,0.998877542172598
"H2BFS",24.5562156297446,1.55890921988318,1.80657484232025,0.862908739435901,0.388187645229162,0.998877542172598
"RRP1B",375.075407956679,0.114236499469089,0.872897911320577,0.130870400750833,0.895877830042007,0.998877542172598
"PDXK",2219.42592687181,-1.30608015333606,0.937217346046923,-1.39357232219928,0.163446791369282,0.998877542172598
"CSTB",531.136700041908,-0.457806515557968,1.06158756065655,-0.431247061028891,0.666288738491382,0.998877542172598
"RRP1",218.216136938088,-0.303197896905583,0.904952069903982,-0.335043044807613,0.737592615764234,0.998877542172598
"AP001053.11",9.84394851312028,0.651187742476436,1.79122392649671,0.363543459220107,0.716198954571054,0.998877542172598
"AGPAT3",1307.34829140001,-0.936493978777905,0.970359154182895,-0.965100370044423,0.334494541629957,0.998877542172598
"RNU6-859P",0.336785715202127,-1.99260058416184,4.93912662625832,-0.403431767383407,0.686630620881492,0.998877542172598
"TRAPPC10",647.946978192517,-0.217555992072591,0.851591667084985,-0.2554698460323,0.798360230460427,0.998877542172598
"H2AFZP1",0.549537069851704,0.597498289572193,4.90998119365439,0.121690545443309,0.903144101229972,0.998877542172598
"PWP2",272.557315958118,-0.160754555998636,0.900313913801208,-0.178553894963053,0.858287999081584,0.998877542172598
"C21orf33",845.909589747051,-0.990410345264668,1.036046106101,-0.955951998113219,0.339096486604877,0.998877542172598
"AP001055.6",14.7072621651146,-0.827563693964489,1.53649541524655,-0.538604727194514,0.590159625065509,0.998877542172598
"AP001055.1",3.87428504980667,-1.77582124842944,2.82781425369762,-0.627983696633324,0.530014620207318,0.998877542172598
"AP001056.1",6.35308473186243,-0.832785121821782,1.95592572979804,-0.425775431620183,0.670271490890564,0.998877542172598
"AP001057.1",0.495655600935243,-0.702464675333844,4.90856787438371,-0.143109903603409,0.886203383509303,0.998877542172598
"AP001058.3",0.377066397544586,-1.92436165898798,4.94173231539359,-0.389410339567273,0.696972624615115,0.998877542172598
"ICOSLG",340.909455509909,-1.16823762899093,1.06940940939062,-1.09241383022488,0.274651246758893,0.998877542172598
"AIRE",9.27259097851641,0.524266857230169,1.806101977984,0.290275335291623,0.771605606492447,0.998877542172598
"PFKL",1615.33697457038,-0.299745653456947,0.983221861792178,-0.304860647535423,0.760472288589769,0.998877542172598
"C21orf2",115.429597243968,-1.14241875253148,1.06320784234221,-1.07450181143771,0.282597833336086,0.998877542172598
"AP001062.7",15.8326523767851,-0.833501970525319,1.43259106028478,-0.581814303908634,0.560691768201074,0.998877542172598
"AP001063.1",0.38114421225064,1.89696668944535,4.9382845809601,0.384134745243164,0.700878580360504,0.998877542172598
"TRPM2",191.347817760102,0.891008290784036,0.911125710377978,0.97792025912034,0.328113764379289,0.998877542172598
"AP001065.2",3.10707314552305,-0.514930558324284,2.65741511953255,-0.193771215697328,0.846355026356226,0.998877542172598
"LRRC3-AS1",0.377066397544586,-1.92436165898798,4.94173231539359,-0.389410339567273,0.696972624615115,0.998877542172598
"LRRC3",4.03716870147979,0.304448480606758,2.37171494086884,0.128366388118813,0.897859029452864,0.998877542172598
"LRRC3DN",6.54767564395699,0.467924995585648,1.99005872825249,0.235131249617212,0.814106864828527,0.998877542172598
"AP001065.7",0.336785715202127,-1.99260058416184,4.93912662625832,-0.403431767383407,0.686630620881492,0.998877542172598
"MTND5P1",0.38114421225064,1.89696668944535,4.9382845809601,0.384134745243164,0.700878580360504,0.998877542172598
"AP001065.15",0.92660346739629,-0.642255588312845,4.78848499590464,-0.134125007985226,0.893303724797212,0.998877542172598
"TSPEAR",3.12605504049289,0.334951804282149,2.8703331293466,0.116694400680383,0.907102227570092,0.998877542172598
"TSPEAR-AS1",0.549537069851704,0.597498289572193,4.90998119365439,0.121690545443309,0.903144101229972,0.998877542172598
"C21orf90",5.20294348036342,1.96324819313951,2.83378293485112,0.692801191296134,0.48843432450813,0.998877542172598
"KRTAP10-1",0.38114421225064,1.89696668944535,4.9382845809601,0.384134745243164,0.700878580360504,0.998877542172598
"KRTAP10-2",0.168392857601064,-1.33374906807086,4.96952223518502,-0.268385773309897,0.78840238920092,0.998877542172598
"KRTAP10-4",0.168392857601064,-1.33374906807086,4.96952223518502,-0.268385773309897,0.78840238920092,0.998877542172598
"KRTAP10-5",0.336785715202127,-1.99260058416184,4.93912662625832,-0.403431767383407,0.686630620881492,0.998877542172598
"KRTAP10-8",0.549537069851704,0.597498289572193,4.90998119365439,0.121690545443309,0.903144101229972,0.998877542172598
"KRTAP10-10",0.549537069851704,0.597498289572193,4.90998119365439,0.121690545443309,0.903144101229972,0.998877542172598
"KRTAP10-11",0.549537069851704,0.597498289572193,4.90998119365439,0.121690545443309,0.903144101229972,0.998877542172598
"KRTAP12-3",0.168392857601064,-1.33374906807086,4.96952223518502,-0.268385773309897,0.78840238920092,0.998877542172598
"IMMTP1",1.05471564265489,-1.0038506329172,4.80796557010872,-0.208789064372294,0.834612908570007,0.998877542172598
"UBE2G2",588.646012730269,0.0261443318713997,0.881645472477282,0.0296540193167877,0.97634298304799,0.998877542172598
"AL773604.8",2.28545809494341,-0.72240394007307,2.93072039559961,-0.246493640661777,0.805300126624021,0.998877542172598
"SUMO3",738.654046880977,-0.247173808100112,0.909052359087109,-0.271902718946057,0.785696820559994,0.998877542172598
"PTTG1IP",2834.79035606748,0.179246312189572,0.93260276444548,0.192200065261602,0.84758549478372,0.998877542172598
"ITGB2",994.370608380912,1.30279679241608,0.897776747952921,1.45113670563051,0.146741797353503,0.998877542172598
"ITGB2-AS1",24.3852423417737,0.377740505955219,1.32175818323689,0.285786394777719,0.775041729131873,0.998877542172598
"LL21NC02-1C16.1",4.67052349830764,-1.21997583131127,2.21440256891244,-0.550927752901968,0.581683201676196,0.998877542172598
"C21orf67",30.939351038104,-0.955611381482023,1.21739270728307,-0.784965587328611,0.432473745416852,0.998877542172598
"LL21NC02-1C16.2",1.25794402543652,1.31241590582877,4.18791209113913,0.313381913771688,0.753990523413816,0.998877542172598
"FAM207A",81.4690365592451,-0.373704456016161,1.06677455266007,-0.350312495816765,0.726104188399979,0.998877542172598
"LINC00163",1.14343263675192,3.59704028365528,4.83639540242749,0.743744045792834,0.457031337105807,0.998877542172598
"AP001505.9",0.486132629067294,0.6085787316209,4.90957200433881,0.123957593672742,0.901348851376714,0.998877542172598
"LINC00162",0.54545925514565,-2.57144703525658,4.89227527309039,-0.525613726071516,0.599156617867467,0.998877542172598
"SSR4P1",3.25364553837195,-0.874414322841542,2.80950645932907,-0.311234138628875,0.755622632034848,0.998877542172598
"AP001579.1",1.94322722257939,1.39517827009236,3.19110942369888,0.437207906357275,0.661960576381721,0.998877542172598
"ADARB1",193.268084685355,0.100451763147116,0.932730923144446,0.107696400595866,0.914236524816088,0.998877542172598
"PRED57",0.886322785053831,-0.600248928199076,4.83476408057898,-0.124152682156767,0.901194386454936,0.998877542172598
"PRED58",1.22310850025596,-1.32241423010317,4.73577254758945,-0.279239388466046,0.780061117716919,0.998877542172598
"LINC00334",1.30774767964693,0.454251436725579,4.16901600496919,0.108958909292778,0.913235081863938,0.998877542172598
"POFUT2",199.86426905105,0.788338420767785,0.905254378082333,0.870847399200411,0.383837480701536,0.998877542172598
"BX322557.10",45.8338311089221,0.378630987313777,1.21656701300288,0.311229043091669,0.755626505467851,0.998877542172598
"LINC00205",43.3619664806315,-0.731827475093509,1.10670374711192,-0.661267730414125,0.50844063220418,0.998877542172598
"LINC00315",2.58604094250914,-0.180237288680275,3.09829686238905,-0.058173021077553,0.953610810380409,0.998877542172598
"LINC00316",0.158869885733115,1.25587251058091,4.96728806855882,0.252828604511612,0.800400662441173,0.998877542172598
"BX322559.3",0.38114421225064,1.89696668944535,4.9382845809601,0.384134745243164,0.700878580360504,0.998877542172598
"COL18A1",769.375108248254,0.480697310940683,0.923463555403573,0.520537392220755,0.602689073109858,0.998877542172598
"COL18A1-AS2",1.43585985490553,0.0857317954703123,4.41139493051679,0.0194341691960618,0.984494752474137,0.998877542172598
"COL18A1-AS1",4.00611121597,-1.41218641287094,3.05583565442559,-0.462127736099206,0.64398972115606,0.998877542172598
"SLC19A1",96.3395583880889,-0.456417664050999,0.975269595431487,-0.467991277682626,0.63979082723293,0.998877542172598
"AL133493.2",0.867276841317934,1.61096363256067,4.83852851978383,0.332944949269956,0.739175838594922,0.998877542172598
"PCBP3",45.4876599014098,-1.98514252128113,1.1394165111084,-1.74224482612598,0.081465613281225,0.998877542172598
"PRED60",0.336785715202127,-1.99260058416184,4.93912662625832,-0.403431767383407,0.686630620881492,0.998877542172598
"AL592528.1",5.75042359674304,1.21627357061011,2.2975300203487,0.529383102652787,0.596539717487751,0.998877542172598
"PRED62",0.38114421225064,1.89696668944535,4.9382845809601,0.384134745243164,0.700878580360504,0.998877542172598
"COL6A1",3201.65234100957,2.18101736819498,0.960253458101819,2.27129342757724,0.0231292208414807,0.998877542172598
"AP001476.3",0.38114421225064,1.89696668944535,4.9382845809601,0.384134745243164,0.700878580360504,0.998877542172598
"PSMA6P3",0.158869885733115,1.25587251058091,4.96728806855882,0.252828604511612,0.800400662441173,0.998877542172598
"COL6A2",1997.24735037126,2.53687313530439,1.01850842307424,2.49077285747638,0.0127465579950266,0.998877542172598
"FTCD",8.9128736511705,-0.939003131090122,1.76787499275796,-0.531147923318514,0.595316277104465,0.998877542172598
"FTCD-AS1",0.336785715202127,-1.99260058416184,4.93912662625832,-0.403431767383407,0.686630620881492,0.998877542172598
"SPATC1L",57.1672201641183,-0.692715936951514,1.05318084170739,-0.657736933220795,0.510707185646299,0.998877542172598
"LSS",667.396125464427,-1.10633545543261,0.927184094916436,-1.19322091642687,0.23278286505422,0.998877542172598
"AP001468.1",8.45570351755449,0.159298723446491,1.89864634790965,0.0839012086805285,0.933134978562818,0.998877542172598
"AP001469.5",2.36654113700788,0.769918108309898,3.64779954634785,0.21106371074604,0.832837556953024,0.998877542172598
"MCM3AP-AS1",45.0039888924314,-0.0629303732049951,1.19267793372819,-0.0527639284884573,0.957920002341468,0.998877542172598
"MCM3AP",673.225989925712,0.0745709105819504,0.847005057637278,0.0880406910319592,0.929844334923531,0.998877542172598
"AP001469.7",1.94730503728544,2.94304558606716,3.53240378557076,0.833156616491291,0.404756406416325,0.998877542172598
"AP001469.9",9.85757351235575,-1.09474067267117,1.66129244853932,-0.658969270361585,0.509915501926726,0.998877542172598
"YBEY",67.6051867982862,-1.06997566963484,1.07676101236253,-0.993698376287971,0.32036973347885,0.998877542172598
"C21orf58",31.4891256337431,0.0483534411312912,1.17881124717329,0.0410188155629151,0.96728089583498,0.998877542172598
"PCNT",539.740018189793,-0.357946132594711,0.909888760324822,-0.393395487671402,0.69402740188677,0.998877542172598
"RPL18AP2",0.886322785053831,-0.600248928199076,4.83476408057898,-0.124152682156767,0.901194386454936,0.998877542172598
"DIP2A",422.654281522454,0.128428015751475,0.855523962422752,0.150116211108548,0.880672930298147,0.998877542172598
"DIP2A-IT1",1.98539692475724,0.354574557301947,3.88905809060847,0.0911723479158605,0.92735564658949,0.998877542172598
"RNU6-396P",0.717929927452767,-0.0613431650952382,4.87921454429365,-0.0125723442858196,0.989968984858739,0.998877542172598
"Metazoa_SRP",1.87763398692432,-0.802450493530876,3.54424866485009,-0.226409196817689,0.820883175610787,0.998877542172598
"S100B",5139.23944010102,-2.63433918195247,1.11767767791623,-2.35697574891526,0.0184244500463947,0.998877542172598
"PRMT2",1099.00821114904,-0.4132056516552,0.909171491071818,-0.454485931106433,0.64947911577263,0.998877542172598
"DSTNP1",21.3602419330447,-0.183898710270756,1.42792012070696,-0.128787813550599,0.897525548598702,0.998877542172598
"RPL23AP4",15.9195481436793,-0.0674210942570973,1.55293239836209,-0.0434153439829112,0.965370446504273,0.998877542172598
